entity,aliases,category,symptoms,causes,treatment,specialist,prevention
Diabetes,"diabetes,diabetes mellitus,type 2 diabetes",Chronic Disease,"Frequent urination, increased thirst, fatigue, blurred vision","Insulin resistance, genetic factors, obesity, sedentary lifestyle","Insulin therapy, metformin, diet control, regular exercise",Endocrinologist,"Maintain healthy weight, regular exercise, balanced diet, routine blood sugar checks"
Hypertension,"hypertension,high blood pressure,htn",Chronic Disease,"Headaches, shortness of breath, nosebleeds, dizziness","High salt intake, obesity, stress, genetics, smoking","Antihypertensive medication, low-sodium diet, regular exercise",Cardiologist,"Reduce salt intake, exercise regularly, avoid smoking, manage stress"
Asthma,"asthma,bronchial asthma",Respiratory Disease,"Wheezing, shortness of breath, chest tightness, coughing","Allergens, air pollution, respiratory infections, genetics","Inhaled corticosteroids, bronchodilators, avoiding triggers",Pulmonologist,"Avoid known triggers, use air purifiers, get flu vaccinations"
Migraine,"migraine,migraine headache",Neurological Disorder,"Severe headache, nausea, sensitivity to light, visual disturbances","Hormonal changes, stress, certain foods, lack of sleep","Pain relievers, triptans, preventive medication, rest in a dark room",Neurologist,"Maintain regular sleep schedule, manage stress, avoid trigger foods"
Common Cold,"common cold,cold",Viral Infection,"Runny nose, sneezing, sore throat, mild cough","Rhinovirus infection, spread through airborne droplets","Rest, fluids, over-the-counter cold medicine",General Physician,"Frequent handwashing, avoiding close contact with infected people"
Influenza,"influenza,flu",Viral Infection,"Fever, body aches, fatigue, cough, sore throat","Influenza virus infection","Antiviral medication, rest, fluids, fever reducers",General Physician,"Annual flu vaccination, frequent handwashing, avoiding crowded places"
Malaria,"malaria",Parasitic Infection,"High fever, chills, sweating, headache, nausea","Plasmodium parasite transmitted by Anopheles mosquito bites","Antimalarial medication such as artemisinin-based therapy",Infectious Disease Specialist,"Use mosquito nets, insect repellent, antimalarial prophylaxis"
Tuberculosis,"tuberculosis,tb",Bacterial Infection,"Persistent cough, weight loss, night sweats, coughing blood","Mycobacterium tuberculosis bacteria, spread through air","Long-term antibiotic therapy such as isoniazid and rifampicin",Pulmonologist,"BCG vaccination, avoiding close contact with infected individuals"
Pneumonia,"pneumonia",Respiratory Infection,"Cough with phlegm, fever, chills, difficulty breathing","Bacterial, viral, or fungal infection of the lungs","Antibiotics, antivirals, rest, oxygen therapy if severe",Pulmonologist,"Vaccination, good hygiene, avoiding smoking"
Anemia,"anemia",Blood Disorder,"Fatigue, pale skin, shortness of breath, dizziness","Iron deficiency, vitamin B12 deficiency, chronic disease, blood loss","Iron supplements, dietary changes, treating underlying cause",Hematologist,"Iron-rich diet, regular health checkups, managing chronic conditions"
Arthritis,"arthritis,osteoarthritis,rheumatoid arthritis",Musculoskeletal Disorder,"Joint pain, stiffness, swelling, reduced range of motion","Joint wear and tear, autoimmune response, genetics, aging","Pain relievers, anti-inflammatory drugs, physical therapy",Rheumatologist,"Maintain healthy weight, regular low-impact exercise, joint protection"
Depression,"depression,clinical depression,major depressive disorder",Mental Health Disorder,"Persistent sadness, loss of interest, fatigue, sleep changes","Chemical imbalance, genetics, trauma, chronic stress","Psychotherapy, antidepressant medication, lifestyle changes",Psychiatrist,"Regular exercise, social support, stress management, adequate sleep"
Insomnia,"insomnia",Sleep Disorder,"Difficulty falling asleep, waking frequently, daytime fatigue","Stress, anxiety, poor sleep habits, caffeine intake","Cognitive behavioral therapy, sleep hygiene improvements, medication",Sleep Specialist,"Maintain regular sleep schedule, avoid screens before bed, limit caffeine"
Obesity,"obesity",Metabolic Disorder,"Excess body fat, breathlessness, fatigue, joint pain","Poor diet, lack of physical activity, genetics, hormonal factors","Dietary changes, increased physical activity, behavioral therapy",Nutritionist,"Balanced diet, regular exercise, portion control"
Chickenpox,"chickenpox,varicella",Viral Infection,"Itchy rash, fluid-filled blisters, fever, fatigue","Varicella-zoster virus infection","Antihistamines for itching, fever reducers, rest",General Physician,"Varicella vaccination, avoiding contact with infected individuals"
